word,partOfSpeech,englishDefinition,chineseTranslation
analyse,verb,to examine something in detail in order to understand it,分析
approach,noun,a particular way of dealing with a problem or task,方法
assess,verb,to evaluate the nature or quality of something,評估
concept,noun,an abstract idea or general notion,概念
consistent,adjective,acting or done in the same way over time,一致的
context,noun,the circumstances that form the setting for an event,情境
derive,verb,to obtain something from a source,衍生
establish,verb,to set something up on a firm or permanent basis,建立
evident,adjective,clearly seen or understood; obvious,明顯的
factor,noun,an element that contributes to a particular result,因素
hypothesis,noun,a proposed explanation used as a starting point,假設
implement,verb,to put a decision or plan into effect,實施
interpret,verb,to explain the meaning of information,詮釋
method,noun,a systematic way of doing something,方法
occur,verb,to happen or take place,發生
principle,noun,a fundamental truth that serves as a foundation,原則
process,noun,a series of actions taken to achieve an end,過程
require,verb,to need something for a particular purpose,需要
research,noun,systematic investigation to establish facts,研究
significant,adjective,important or large enough to be noticed,重要的
specific,adjective,clearly defined or identified,特定的
structure,noun,the arrangement of and relations between parts,結構
theory,noun,a system of ideas intended to explain something,理論
variable,noun,a factor that is liable to change,變數
acquire,verb,to gain possession of something,獲得
demonstrate,verb,to show clearly by giving proof or evidence,證明
emphasis,noun,special importance given to something,強調
sufficient,adjective,enough for a particular purpose,足夠的
relevant,adjective,closely connected to the matter at hand,相關的
phenomenon,noun,a fact or situation that is observed to exist,現象
